"eq";"idx";"resid"
"system";1;-0,0117055081567487
"system";2;-0,0383454820006699
"system";3;-0,0242517632155826
"system";4;-0,0352140803355208
"system";5;-0,0303970690747379
"system";6;-0,0390476310185985
"system";7;-0,0121150309608515
"system";8;-0,00878649863188288
"system";9;-0,0173606047720117
"system";10;-0,0417703394171381
"system";11;-0,058507601331984
"system";12;-0,0154370658916369
"system";13;0,0043122422956188
"system";14;0,0206850740189472
"system";15;-0,0692848192371821
"system";16;0,0244515581768711
"system";17;0,00747763822924397
"system";18;-0,0089497411538691
"system";19;-0,00514164949625162
"system";20;-0,0179925239222235
"system";21;0,00730137555476817
"system";22;0,0179117394068549
"system";23;-0,030917135631178
"system";24;-0,0167665722631338
"system";25;-0,0136964389270666
"system";26;-0,0260773159344447
"system";27;0,0036632793062483
"system";28;-0,0285261693005222
"system";29;-0,0139823791062568
"system";30;0,0188499289178968
"system";31;0,0219054390050174
"system";32;-0,00458821273859508
"system";33;0,000166103845392646
"system";34;0,0130192372606777
"system";35;0,0224836642353538
"system";36;0,0579549461288206
"system";37;-0,00636999515326625
"system";38;-0,00773379281572947
"system";39;-0,0249064771053512
"system";40;-0,0270504806807304
"system";41;-0,0287965453601215
"system";42;-0,0675556095200199
"system";43;-0,0158747315573113
"system";44;-0,0314085313544568
"system";45;-0,0383184818516298
"system";46;-0,0402844929097124
"system";47;0,0124700651475326
"system";48;-0,00338111591834869
"system";49;-0,0136199555796835
"system";50;-0,0423601044144828
"system";51;0,00210547602291897
"system";52;-0,00982740052643513
"system";53;-0,0317042310134643
"system";54;-0,0363046571150325
"system";55;-0,0256603327408637
"system";56;0,00569839794342389
"system";57;-0,0275195077902066
"system";58;0,00677258151052099
"system";59;-0,0270625767654503
"system";60;-0,0190751049423672
"system";61;0,000825265153001326
"system";62;-0,0216028907101162
"system";63;-0,0319742129663836
"system";64;-0,0157278995344116
"system";65;-0,0334763995676039
"system";66;-0,020307203418321
"system";67;-0,0296663255241902
"system";68;0,0227011330726557
"system";69;-0,0109722974143945
"system";70;-0,00667732717203409
"system";71;0,015785438235677
"system";72;0,0152807669137603
"system";73;-0,00500288410366417
"system";74;-0,0115632641423875
"system";75;0,000658188805661736
"system";76;-0,0147023350541648
"system";77;-0,00292139608702063
"system";78;0,00896854110021558
"system";79;-0,0210264081616304
"system";80;0,00133241546630081
"system";81;0,0207735564299074
"system";82;0,00871222302310742
"system";83;-0,012395919076176
"system";84;-0,00178928654611196
"system";85;0,0179411783016242
"system";86;-0,00159922377550356
"system";87;-0,0193699382722615
"system";88;0,0305414007992694
"system";89;0,00883181783935019
"system";90;-0,0438085974874209
"system";91;-0,000279895883635667
"system";92;-0,00887436609105682
"system";93;0,0148115246595278
"system";94;0,0186026793545671
"system";95;0,0280999233186273
"system";96;-0,00904770234253033
"system";97;0,0013122927767488
"system";98;-0,00212549730355627
"system";99;-0,01356024318351
"system";100;0,00213468282410081
"system";101;-0,00561376939524877
"system";102;-0,00892043728703518
"system";103;0,00995256236239919
"system";104;0,00915141046768794
"system";105;-0,0167821142843418
"system";106;-0,0362759690127706
"system";107;-0,0188443084679666
"system";108;-0,00158180110915657
"system";109;-0,0330889400380255
"system";110;0,0377356873356253
"system";111;0,00615099304864417
"system";112;0,0175227573840701
"system";113;0,0162121284478143
"system";114;-0,000228773884141525
"system";115;0,00366150822103228
"system";116;0,00464236222471559
"system";117;-0,0172999529360833
"system";118;0,0493948920563505
"system";119;-0,0287220455914376
"system";120;0,0125361005208338
"system";121;-0,00686828635129616
"system";122;0,0144144132273274
"system";123;-0,0123721192193056
"system";124;0,00080179956805071
"system";125;-0,0690337952936902
"system";126;-0,00789806246207694
"system";127;-0,0396934960986044
"system";128;0,00359460579003432
"system";129;0,00333612972357947
"system";130;0,0248927635361265
"system";131;-0,0128068985478426
"system";132;-0,0570023993962451
"system";133;-0,024248269140656
"system";134;-0,0322274955742978
"system";135;-0,0291962781407254
"system";136;-0,0071257600262411
"system";137;-0,0480720010765361
"system";138;-0,0177260456348798
"system";139;0,0176759602110398
"system";140;-0,0105041487870565
"system";141;0,00883340397410229
"system";142;0,0110948707324546
"system";143;-0,015602658399714
"system";144;0,0149502473498594
"system";145;-0,0118613457272266
"system";146;-0,0407124399118126
"system";147;-0,004963503559793
"system";148;0,000238995226078537
"system";149;-0,01470273921427
"system";150;-0,0141172078602675
"system";151;0,000426221129956383
"system";152;0,00691319061441928
"system";153;0,0106116829921733
"system";154;0,0144409452003202
"system";155;0,0431839786242518
"system";156;0,0215159737106564
"system";157;0,00195440467490277
"system";158;-0,00850696619069508
"system";159;0,0296971905005503
"system";160;-0,00415925692478775
"system";161;0,00403505667426149
"system";162;0,00351644936377121
"system";163;-0,00591058097343128
"system";164;0,00838631226900691
"system";165;0,0311982113527739
"system";166;0,0232179261563042
"system";167;-0,00821262133808331
"system";168;-0,0400426515263184
"system";169;-0,0136894208625058
"system";170;-0,00414773415834149
"system";171;0,034649678455558
"system";172;0,023276255503194
"system";173;0,0384902442266565
"system";174;0,00771132908006347
"system";175;0,0139317861370807
"system";176;0,0299943418270859
"system";177;0,00978218928543109
"system";178;0,0145434507566593
"system";179;0,0113580604582362
"system";180;0,0247730241283316
"system";181;-0,00328989567251842
"system";182;0,0385671044758377
"system";183;0,007014542851217
"system";184;-0,00956359947976249
"system";185;-0,0044567314877294
"system";186;0,0100268286411028
"system";187;-0,018275975032685
"system";188;0,00474871068779656
"system";189;0,00481872818235307
"system";190;-0,00870778779537562
"system";191;-0,000400254249114218
"system";192;-0,00814955714871862
"system";193;0,0183890323670411
"system";194;-0,00454850888731162
"system";195;0,0185382089338398
"system";196;0,0346816970271349
"system";197;0,0489936280466153
"system";198;-0,000714666912669554
"system";199;0,00356978630189136
"system";200;0,00975680450666716
"system";201;0,00940664676144387
"system";202;-0,00240566574133078
"system";203;-0,024241373876899
"system";204;-0,0296262771405692
"system";205;-0,0207692979163215
"system";206;0,0313110384108877
"system";207;-0,0417901385924072
"system";208;0,0316412241347725
"system";209;0,0301416480651885
"system";210;0,0182479905363697
"system";211;0,0284360851878038
"system";212;0,0261029854006096
"system";213;0,014296121312401
"system";214;0,0409676338764637
"system";215;0,011424098758247
"system";216;-0,0189379317242754
"system";217;-0,0422524632801833
"system";218;0,022038497100499
"system";219;0,0458006678369513
"system";220;0,00117534555920742
"system";221;-0,00783722580135074
"system";222;0,0183784896137766
"system";223;0,0234761038528798
"system";224;0,0273467453824668
"system";225;0,0178627348575546
"system";226;0,0333270345375203
"system";227;-0,00963060277858813
"system";228;-0,0177482390532553
"system";229;0,0298438950712089
"system";230;0,00740580203673497
"system";231;-0,0105627718817863
"system";232;0,032220279100748
"system";233;0,0290993792878361
"system";234;0,0361445667306607
"system";235;0,00962667176412499
"system";236;-0,0351632748491913
"system";237;-0,0116999151082751
"system";238;0,00310699224519845
"system";239;0,0349112022103262
"system";240;0,00120208604993727
"system";241;-0,00956450694524144
"system";242;0,0200190714959616
"system";243;-0,0244259527093538
"system";244;-0,018686693628454
"system";245;0,0219240595606162
"system";246;-0,020202609086531
"system";247;0,00407012144745267
"system";248;-0,00280814811665142
"system";249;0,00554710620273932
"system";250;-0,0127773954126144
"system";251;-0,0263176201228248
"system";252;-0,0169516942090878
"system";253;-0,039478458364115
"system";254;-0,0469210672946352
"system";255;-0,000778669874792887
"system";256;0,0118059831192148
"system";257;-0,0429966418711889
"system";258;-0,0286542272116303
"system";259;0,00470377919975659
"system";260;0,0184902138618634
"system";261;-0,0140204273593413
"system";262;0,00360227511539565
"system";263;-0,0046804197214517
"system";264;-0,061822771517842
"system";265;-0,0219716128501419
"system";266;-0,00857875525864513
"system";267;0,026599924594627
"system";268;0,00219356075356855
"system";269;-0,00138720631143538
"system";270;-0,0379811839043478
"system";271;-0,00900597858370739
"system";272;-0,0307303424079023
"system";273;-0,0105045354690993
"system";274;-0,000169474567294992
"system";275;-0,0354630057045357
"system";276;0,023083823767137
"system";277;-0,0296636323762489
"system";278;-0,000147846329235674
"system";279;0,0102104310599619
"system";280;-0,023444912915725
"system";281;-0,0108210957184161
"system";282;-0,0382087605447934
"system";283;0,0381427434765745
"system";284;0,0032578427165878
"system";285;-0,0187788575163251
"system";286;-0,0521560383450537
"system";287;-0,0136491501613223
"system";288;0,0384564200132673
"system";289;-0,0132530297886948
"system";290;0,000442108303217753
"system";291;-0,0110815566862032
"system";292;-0,0923314052495975
"system";293;-0,0403538022814307
"system";294;-0,0170909523727109
"system";295;-0,00511605098376494
"system";296;0,00148796246265129
"system";297;-0,0127689770742175
"system";298;0,0124956214252394
"system";299;0,0484330623091601
"system";300;0,000642888019081328
"system";301;-0,010205493003471
"system";302;-0,0165198710471698
"system";303;0,00134778274304098
"system";304;0,00619439800504867
"system";305;0,022807173017052
"system";306;0,010576922270607
"system";307;0,0331933895834932
"system";308;0,028980765003108
"system";309;-0,024480024187619
"system";310;0,00615862198621928
"system";311;0,00834758547604084
"system";312;0,0316746158911679
"system";313;0,0515976792662056
"system";314;0,0242946252159122
"system";315;-0,0237216405790955
"system";316;0,00746821461118971
"system";317;-0,0249976968588625
"system";318;-0,0108636704404371
"system";319;0,0321220976024443
"system";320;0,0335968318236161
"system";321;-0,00499948629840388
"system";322;-0,00572738433656628
"system";323;0,0161159538336464
"system";324;-0,00348938312111352
"system";325;-0,0243182590006003
"system";326;-0,0360618878792342
"system";327;-0,0211988252545402
"system";328;0,0245059816913176
"system";329;0,0145039085571514
"system";330;0,0189152421626371
"system";331;-0,0189355911160544
"system";332;0,0078404879762804
"system";333;-0,00551393414043752
"system";334;0,0281379158288368
"system";335;0,0605904915110419
"system";336;-0,00790341723556756
"system";337;0,0238919887428126
"system";338;-0,0184476753748633
"system";339;-0,0061354596240967
"system";340;-0,0124590639807555
"system";341;-0,0160820450262532
"system";342;-0,000251549696800052
"system";343;-0,040663710050256
"system";344;0,0416908402538985
"system";345;-0,0363181331229767
"system";346;0,0141138978769562
"system";347;0,00428915288253356
"system";348;-0,0449717165073673
"system";349;0,073631587664381
"system";350;0,0434900319275077
"system";351;0,0346067216321169
"system";352;-0,0489139613920145
"system";353;-0,019564974933618
"system";354;-0,0476130880413427
"system";355;0,0197600361404374
"system";356;-0,0432884560393296
"system";357;-0,00872325920461381
"system";358;-0,0460907514299014
"system";359;-0,0247922298445762
"system";360;-0,0322731283252668
"system";361;0,0278791624013207
"system";362;0,0374217353045691
"system";363;-0,0322556351355178
"system";364;-0,011783158204484
"system";365;-0,0754782372466711
"system";366;-0,0470791188489943
"system";367;-0,0787228712923863
"system";368;-0,0387044250364172
"system";369;0,0474318553597735
"system";370;0,0180257219058104
"system";371;0,0141275398229283
"system";372;-0,00200266368404131
"system";373;0,0238566134622072
"system";374;-0,0167804584390018
"system";375;-0,0102899925138839
"system";376;0,00884164715476224
"system";377;-0,0054333687808415
"system";378;-0,0494490285851914
"system";379;0,0232344192831546
"system";380;-0,0158624623814641
"system";381;-0,0114791736373634
"system";382;-0,0277081108092089
"system";383;-0,0306410254062367
"system";384;-0,0438218765630476
"system";385;0,0210158697158047
"system";386;0,0181254814412781
"system";387;-0,0135804470335094
"system";388;-0,0024927663390909
"system";389;-0,0340005105898827
"system";390;-0,080288437981666
"system";391;-0,00736131146311447
"system";392;-0,0290594069098173
"system";393;-0,0172705224996524
"system";394;0,00878286306183268
"system";395;-0,000381743671725249
"system";396;0,0284556370932218
"system";397;-0,0153148101262296
"system";398;-0,000396875283032921
"system";399;0,0371397531448825
"system";400;0,0397112830181663
"system";401;-0,00461670864184516
"system";402;0,026233734435308
"system";403;0,0366360726584602
"system";404;0,0112003125180381
"system";405;-0,0161630772093841
"system";406;-0,0267124648819417
"system";407;-0,0275354775070763
"system";408;-0,0179052082723611
"system";409;-0,00578538091856134
"system";410;-0,0351558182930534
"system";411;-0,000636060091767116
"system";412;-0,0235586469280279
"system";413;-0,00720262222626727
"system";414;0,00825694749173636
"system";415;0,0226568277793628
"system";416;-0,0156124332444978
"system";417;0,0450746088016247
"system";418;-0,0347350273440794
"system";419;0,00582469642886527
"system";420;-0,0275107415657953
"system";421;0,0029888139912928
"system";422;0,0396968216676357
"system";423;0,0133820005764881
"system";424;-0,0115503738573816
"system";425;-0,0149531510831681
"system";426;0,0207631165422133
"system";427;0,0470064539727535
"system";428;0,013422448999441
"system";429;0,0318909754311955
"system";430;-0,0183901287077675
"system";431;0,028966091971887
"system";432;0,0354382748020867
"system";433;0,0220550732997382
"system";434;0,058919950788179
"system";435;-0,0512588952709552
"system";436;0,0259636484859364
"system";437;0,0205155742579254
"system";438;-0,0302688872868001
"system";439;0,0434361808559849
"system";440;0,0182676418641249
"system";441;0,0379252633977786
"system";442;-0,00327251897476691
"system";443;0,0120885587961779
"system";444;0,0161705493390575
"system";445;0,00483640841630434
"system";446;0,0145934237741282
"system";447;-0,0207167654717422
"system";448;0,0123985174151227
"system";449;-0,0206246181794481
"system";450;-0,013252101866595
"system";451;0,0247454252654271
"system";452;-0,0331086266765137
"system";453;0,0176234943239731
"system";454;0,000391802779825867
"system";455;0,000792351197064778
"system";456;0,0184150862853276
"system";457;0,0520324690427008
"system";458;0,00363864112097867
"system";459;-0,00706999714232223
"system";460;-0,0130198646758626
"system";461;-0,00690173769899979
"system";462;0,00712888920536645
"system";463;-0,00168056569067265
"system";464;-0,0365752661312758
"system";465;0,0151951211527922
"system";466;-0,0193915885223288
"system";467;0,00365627919680311
"system";468;0,0364525473523769
"system";469;0,020127936534121
"system";470;-0,0251927325919115
"system";471;-0,00364084874163612
"system";472;-0,00250813395704375
"system";473;-0,0132365057392372
"system";474;-0,0114869438559845
"system";475;0,00528711652035213
"system";476;0,00407039427737482
"system";477;0,0121384019387971
"system";478;-0,055959723731401
"system";479;-0,0129133776385587
"system";480;-0,0026923081878531
"system";481;-0,018456383146421
"system";482;0,00420746632340827
"system";483;0,0187953420580287
"system";484;0,014299583876652
"system";485;-0,0396450316075476
"system";486;0,00632007541215501
"system";487;0,0133810721504267
"system";488;0,038677748232841
"system";489;0,0101514326887124
"system";490;0,0359024035403495
"system";491;0,0348266216975021
"system";492;-0,0287462534441408
"system";493;0,0585708414672606
"system";494;0,0530767121302126
"system";495;0,0361435039707769
"system";496;0,0246650663054644
"system";497;0,0361208247831646
"system";498;0,0208466960789008
"system";499;0,0180281046307891
"system";500;0,0084066987577347
"system";501;0,0440953172463199
"system";502;0,0520714754955351
"system";503;-0,000194504444524068
"system";504;-0,000490925122269004
"system";505;0,0546153276523184
"system";506;0,00101470169695581
"system";507;0,0294786772832684
"system";508;0,0270123352616595
"system";509;0,00385089267002678
"system";510;-0,00911922681773325
"system";511;-0,0159750220463289
"system";512;0,0399594272332057
"system";513;-0,0281412823531073
"system";514;0,00420625515781686
"system";515;0,0257285379903265
"system";516;0,0315343135667843
"system";517;0,0517251829896284
"system";518;0,0255738223956504
"system";519;0,00368257116425702
"system";520;0,0199105897053812
"system";521;-0,0119212693237267
"system";522;0,00125262278625252
"system";523;0,0754488126617034
"system";524;0,0232683096442238
"system";525;0,0255003564861426
"system";526;0,0114704557524517
"system";527;0,0031527830349917
"system";528;0,028029797392447
"system";529;0,0655772635022125
"system";530;0,0274584444336682
"system";531;-0,00595674904159535
"system";532;0,0376155572015826
"system";533;-0,00721833745941464
"system";534;0,0250874190702216
"system";535;-0,00431074369568299
"system";536;0,0219342341918816
"system";537;0,0246409657015823
"system";538;0,0454806443353157
"system";539;0,022854040892715
"system";540;0,0155308356328049
"system";541;0,0104275530239733
"system";542;0,0433806653779547
"system";543;0,0533866789799551
"system";544;-0,0102133861750398
"system";545;-0,00914177968960775
"system";546;-0,0128191260131909
"system";547;-0,00252969073862912
"system";548;-0,0101790198220927
"system";549;-0,0123818287437138
"system";550;-0,0229616567031103
"system";551;-0,0144572190932271
"system";552;-0,000307234298938766
"system";553;-0,00596225348204138
"system";554;-0,00960360834689418
"system";555;-0,0049516589536384
"system";556;-0,0035628241011066
"system";557;-0,00667277229758742
"system";558;0,0113483086679721
"system";559;-0,010274622236008
"system";560;-0,00475107367228873
"system";561;0,00467057498379707
"system";562;-0,00934510356804628
"system";563;-4,91306783780288e-05
"system";564;0,00594172356414017
"system";565;-0,0104884903490857
"system";566;-0,00135974343338588
"system";567;-0,00306351676070096
"system";568;-0,00228090293331132
"system";569;-0,0101412299605814
"system";570;0,00200023047446629
"system";571;0,0124940104821225
"system";572;0,00131018359614457
"system";573;-0,0174359950870097
"system";574;-0,00010231374495695
"system";575;0,00414528457074596
"system";576;-0,00479850536048997
"system";577;-0,00397836014267726
"system";578;-0,00860297211854121
"system";579;-0,00862035168262042
"system";580;0,011914242814369
"system";581;-0,000656686274407361
"system";582;0,00299220310409526
"system";583;-0,000559438856770955
"system";584;-0,00120916961231972
"system";585;0,000996475111184142
"system";586;-0,00240075599371938
"system";587;0,000212347804019811
"system";588;0,00201979615872207
"system";589;-0,00200396094808276
"system";590;-0,00339283504576601
"system";591;-0,00242321088229586
"system";592;-0,00347437066783979
"system";593;0,00310466698308631
"system";594;0,00618889613721001
"system";595;0,00642980887100106
"system";596;-0,00465795758780406
"system";597;-0,0066869190571849
"system";598;0,00490478037964587
"system";599;-0,000393405750993045
"system";600;-0,00095495516875678
"system";601;-0,00703410197822722
"system";602;-0,0028025648274396
"system";603;-0,00703051181949692
"system";604;-0,000847266748089617
"system";605;-0,00380936595268183
"system";606;-0,00238928797646515
"system";607;-0,00715393758894207
"system";608;-0,00649168941997685
"system";609;-0,0151397193231526
"system";610;-0,00679541028116243
"system";611;-0,0166216499486553
"system";612;-0,00345084682635285
"system";613;0,00616181149788748
"system";614;0,00549447425849162
"system";615;0,00685554132486775
"system";616;-0,00151459022264001
"system";617;0,00274906904646056
"system";618;-0,00482251898890436
"system";619;-0,00171126063851101
"system";620;-0,00762925662768772
"system";621;-0,00272448371887704
"system";622;0,0003144997536213
"system";623;0,00246998230009925
"system";624;-0,00591755216210969
"system";625;0,0030777963970347
"system";626;-0,00163521205079113
"system";627;0,00977148071107464
"system";628;0,0190048313517165
"system";629;0,00877530574554798
"system";630;-0,0037618856069622
"system";631;0,000359872407669437
"system";632;0,00846724889398565
"system";633;0,00718219130797318
"system";634;0,00657149259972321
"system";635;0,0137716021201816
"system";636;0,00466422883974242
"system";637;0,00597211347481831
"system";638;0,00368485201371808
"system";639;-0,000627382794769482
"system";640;0,0012361675944824
"system";641;-0,00376896560233358
"system";642;-0,00787765386104093
"system";643;-0,00882006810867511
"system";644;-0,00543547086691691
"system";645;-0,00814410593562212
"system";646;-0,00551833293159797
"system";647;0,0140297030582671
"system";648;0,00198962085893727
"system";649;0,00224244221265985
"system";650;0,00110200965797669
"system";651;-0,00405626815020983
"system";652;0,00358996774856483
"system";653;-0,00953886814784817
"system";654;-0,00817858480579747
"system";655;-0,00432197225523741
"system";656;-0,00551359638059547
"system";657;-0,000741932989430275
"system";658;0,00296344749459819
"system";659;0,00351456570406943
"system";660;-0,000746867740605159
"system";661;0,000225721910770013
"system";662;-0,00402308439141112
"system";663;-0,00147858344305107
"system";664;-0,00470273239215556
"system";665;-0,00399887231430208
"system";666;-0,00788401594298245
"system";667;-0,00758040504946066
"system";668;-0,0102470033133903
"system";669;-0,0215565108347393
"system";670;-0,00472484420366172
"system";671;0,000967466708043083
"system";672;-0,00217135018197849
"system";673;-0,00373061765121997
"system";674;-0,00139807867763067
"system";675;0,00727922216254484
"system";676;-0,0012843587496784
"system";677;-0,00524000678205289
"system";678;-0,00197244307228672
"system";679;-0,00708531957515039
"system";680;0,000214619333101587
"system";681;0,00542987925702938
"system";682;-0,000702951065564936
"system";683;0,00807334247934167
"system";684;0,00256947908038495
"system";685;-0,00208861703925799
"system";686;-0,00330765569399946
"system";687;-0,00167458739531549
"system";688;0,000588617325788798
"system";689;-0,00517831656990313
"system";690;-0,0128059442019752
"system";691;-0,00974754480433235
"system";692;-0,00674317180909707
"system";693;0,00749880561995686
"system";694;0,011108933593019
"system";695;0,0010385643276469
"system";696;-0,00169061949147511
"system";697;0,00271209627760927
"system";698;-0,00583621971825636
"system";699;-0,00624926771973822
"system";700;-0,00632808050876209
"system";701;-0,0076599114986287
"system";702;-0,00749829726027709
"system";703;-0,000530763622455563
"system";704;-0,00600544848083827
"system";705;-0,00882419674039558
"system";706;-0,00622316429656525
"system";707;-0,0069740954427736
"system";708;-0,00526424943066449
"system";709;0,00491473971189872
"system";710;0,00711689367227346
"system";711;0,00116702805982295
"system";712;-0,000605685780887488
"system";713;0,00319356868879357
"system";714;-0,00840851423133235
"system";715;0,00882988476592128
"system";716;-0,000665416229963203
"system";717;-0,00842778384144444
"system";718;0,00476777903070075
"system";719;0,00882647143446963
"system";720;0,00186540747676173
"system";721;-0,0017269296235268
"system";722;0,0013693442988293
"system";723;-0,0041427275433054
"system";724;0,000598950468651646
"system";725;-0,00416686806124984
"system";726;0,000262007360968569
"system";727;-0,0028346336757759
"system";728;-0,00516092061826624
"system";729;-0,00657649598092097
"system";730;0,0116571149102445
"system";731;0,000638181623758879
"system";732;0,00642082224651035
"system";733;0,00166422011458296
"system";734;0,00984767582461898
"system";735;0,00900594526373864
"system";736;0,00184599934145266
"system";737;0,000180260910321958
"system";738;0,00692944641469363
"system";739;0,00467898770854251
"system";740;-0,00111064011124028
"system";741;0,00157472500548729
"system";742;-0,00772891936961331
"system";743;-0,0111236717000954
"system";744;-0,00298973824745287
"system";745;-0,00347338375867319
"system";746;-0,00740457100015379
"system";747;-0,00134970974032889
"system";748;0,00955127343807431
"system";749;0,00516585231574709
"system";750;0,0102892461568294
"system";751;-7,00249375480272e-05
"system";752;0,00207007250188555
"system";753;-0,00571067605918239
"system";754;-0,000208573858115249
"system";755;-0,00558708892891586
"system";756;-0,00556842309332113
"system";757;-0,00590420199602615
"system";758;0,000590791501510965
"system";759;0,00984060452763093
"system";760;0,002819009227834
"system";761;-0,00779917353093808
"system";762;-0,00171318097985342
"system";763;0,00438111074306813
"system";764;0,000386482670756305
"system";765;0,0071688504053235
"system";766;0,00709316172913767
"system";767;0,00609683254853297
"system";768;-0,00300054125137916
"system";769;-0,00141171007078503
"system";770;-0,00531201259286926
"system";771;-0,000689180979735041
"system";772;-0,00370391274184695
"system";773;-0,00533993002757589
"system";774;0,00616740685395824
"system";775;-0,00640934773445019
"system";776;-0,00708631299004002
"system";777;-0,0023396111901408
"system";778;-0,00295410109863267
"system";779;-0,00772082729768497
"system";780;-0,00257928938290049
"system";781;0,00366387656781235
"system";782;-0,00407965433014321
"system";783;0,00157034463778354
"system";784;-0,00218542557910756
"system";785;-0,00114730876480297
"system";786;-0,000525698622225373
"system";787;0,00878993941423467
"system";788;0,00976114216196171
"system";789;-0,00097679045987327
"system";790;0,00331688710493011
"system";791;0,00948522479807173
"system";792;0,000982044529209955
"system";793;0,00365737012696538
"system";794;0,00769706875761342
"system";795;-0,00536205329055649
"system";796;-0,00819804151638569
"system";797;-0,00106391116354347
"system";798;0,00689474370529047
"system";799;0,00415470156322445
"system";800;0,000623677656716823
"system";801;3,26579720339171e-05
"system";802;0,00872792398853194
"system";803;-0,00303077173878885
"system";804;-0,000890234693931582
"system";805;-0,00719096931442041
"system";806;-0,00201717092241871
"system";807;-0,000138669009914175
"system";808;-0,0116337984579026
"system";809;0,0067821365778629
"system";810;-0,00556461680144794
"system";811;-0,00102139064541457
"system";812;-0,00488155922725564
"system";813;-0,00480502680818365
"system";814;-0,0139106705529133
"system";815;-0,000662741234265504
"system";816;-0,00232232520644324
"system";817;-0,00210594245442061
"system";818;0,00302662527131625
"system";819;0,00376903988151837
"system";820;-0,00742561765147358
"system";821;-0,000134935505450767
"system";822;-0,00559216874093932
"system";823;-0,0163275248414529
"system";824;0,00488559935880505
"system";825;-0,00185510482963311
"system";826;-0,00480776698026462
"system";827;-0,00235568245756528
"system";828;-0,00272590885153072
"system";829;0,00114846400191841
"system";830;-0,01383849414662
"system";831;-0,000142262968535645
"system";832;0,00438816112837447
"system";833;0,00596427516467457
"system";834;0,000640527680641878
"system";835;0,00782915053104631
"system";836;-0,00518120177791971
"system";837;0,000506628987363617
"system";838;-0,00192974981897545
"system";839;0,000278585541179863
"system";840;0,00621015494428118
"system";841;0,000477437738740746
"system";842;-0,00183797251455682
"system";843;-0,000902999064414933
"system";844;0,00143734829455448
"system";845;0,000868199574433653
"system";846;-0,0014100569886266
"system";847;-0,00332600909835816
"system";848;-0,00417921503315878
"system";849;-0,000791662977178142
"system";850;-0,00135518226997829
"system";851;-0,00741739494908057
"system";852;-0,00535157510661581
"system";853;-0,00193842670985384
"system";854;0,0151239267198064
"system";855;0,00417822296028039
"system";856;0,00896466891911081
"system";857;-0,00277699298253817
"system";858;-0,00204809414177545
"system";859;-0,00968629378712711
"system";860;-0,00145853696908405
"system";861;0,00276077776747356
"system";862;0,00151327653880019
"system";863;0,00417055655606867
"system";864;0,00485865223314841
"system";865;0,00816517909783034
"system";866;-0,000327509860883091
"system";867;0,00384063906646075
"system";868;0,000590282087193431
"system";869;0,0111051806352738
"system";870;0,006411847245285
"system";871;-0,0024797742399304
"system";872;0,00229666294357936
"system";873;0,00443923872212421
"system";874;-0,00459714635213232
"system";875;0,00486151045733324
"system";876;0,000432534291021983
"system";877;0,00317758772638807
"system";878;0,00159899108762883
"system";879;-0,00208722141333598
"system";880;0,00419902203032908
"system";881;0,00118731554695002
"system";882;-0,00705298533900424
"system";883;-0,00221323074525288
"system";884;-0,00431389701340933
"system";885;0,000649820799790604
"system";886;-0,00883579020274559
"system";887;0,00480341011497436
"system";888;0,00864400193000887
"system";889;0,0103455666439916
"system";890;0,00860991316405126
"system";891;0,00695169419949827
"system";892;-0,00515743933319014
"system";893;8,5868498972741e-05
"system";894;0,000926575831543597
"system";895;0,00214071429560807
"system";896;0,0109002833443901
"system";897;-0,00999165498180778
"system";898;-0,00586542733426448
"system";899;0,00832342539896758
"system";900;0,0132599203154002
"system";901;0,0065169666438369
"system";902;-0,00760318712083055
"system";903;0,00983917873501247
"system";904;-0,0102055646474694
"system";905;-0,000737876543035351
"system";906;0,000615360918925598
"system";907;-0,00334674539158061
"system";908;0,00496929720445007
"system";909;-0,000503387811284534
"system";910;-0,00128342905791054
"system";911;-0,00503879074136145
"system";912;-0,0054561169254646
"system";913;-0,000915227757759748
"system";914;0,00734601925529324
"system";915;-0,00214017433867127
"system";916;0,00591911454933407
"system";917;0,00147776585723935
"system";918;-0,00382267277615785
"system";919;0,000708198676000402
"system";920;0,00626571073977572
"system";921;0,0015207905510064
"system";922;-0,0073582885258399
"system";923;0,00288571288279953
"system";924;0,000487200156388451
"system";925;-0,00693777464855495
"system";926;0,0129812158290094
"system";927;0,0067063983867653
"system";928;0,0119635991494049
"system";929;0,00886223741665153
"system";930;0,0113884322057441
"system";931;0,00758270317649021
"system";932;0,000796256749528268
"system";933;0,000379894075424506
"system";934;0,00699886973626959
"system";935;0,0113840836714188
"system";936;0,00164388841756774
"system";937;0,00675270777081534
"system";938;0,00181844407468722
"system";939;0,0140847831840139
"system";940;0,0103162143405962
"system";941;0,0080411548148778
"system";942;0,00633540795996815
"system";943;-0,0028616758557872
"system";944;0,00408564901029355
"system";945;0,00963735663563368
"system";946;0,00346545489865153
"system";947;0,00424050383040642
"system";948;0,00290222578602795
"system";949;-7,91325783069952e-06
"system";950;-0,00355919473082909
"system";951;0,00270775721657147
"system";952;-0,000564220132719936
"system";953;-0,0014507331066106
"system";954;-0,000941879672383253
"system";955;-0,0019920309157655
"system";956;-0,00395655774082297
"system";957;-0,000446264558768394
"system";958;-0,00123531379479969
"system";959;0,00489889498385519
"system";960;0,00471154382522471
"system";961;-0,0015563497967073
"system";962;-0,00382524307301195
"system";963;-0,0019688404923882
"system";964;-0,00447510742720829
"system";965;0,0140116856638621
"system";966;0,0028378213062923
"system";967;0,0104803726621706
"system";968;0,0087493157425626
"system";969;-0,000776268983882569
"system";970;0,00636208519306893
"system";971;0,00474176060738926
"system";972;0,00540172769216742
"system";973;0,0158538861288527
"system";974;0,00939179242317782
"system";975;0,000946731875136955
"system";976;0,00735913660529805
"system";977;-0,000538875814755799
"system";978;0,00349313566131787
"system";979;-0,0151612198003814
"system";980;-6,55538620102925e-05
"system";981;-0,00776085909072591
"system";982;-0,00277796428114335
"system";983;-0,013532883926941
"system";984;0,0066882979579518
"system";985;0,000757843136531475
"system";986;-0,00663367622486305
"system";987;0,000814802866500014
"system";988;0,0047261922960469
"system";989;-0,00192079025499935
"system";990;5,86036768142895e-05
"system";991;0,00354292138424332
"system";992;-0,00498358386014867
"system";993;0,00750967003153717
"system";994;0,0039430388707485
"system";995;0,0113486944625649
"system";996;-0,00622435167673242
"system";997;0,0166817136428643
"system";998;0,00230494495453056
"system";999;-0,0012477678069506
"system";1000;0,00464084520087234
"system";1001;0,00257695854681667
"system";1002;-0,0042793642239507
"system";1003;-0,00112523622717649
"system";1004;0,00371352955997961
"system";1005;-0,0060848268883521
"system";1006;-0,00662151474454349
"system";1007;0,00334234415009818
"system";1008;0,00220555739251758
"system";1009;0,00216684748971485
"system";1010;-0,00431430248014357
"system";1011;-0,00744057589525114
"system";1012;-0,0170688164305708
"system";1013;-0,00517726763675252
"system";1014;-0,01436975429215
"system";1015;-0,001080331272241
"system";1016;-0,00505329208418599
"system";1017;0,0016251505461452
"system";1018;-0,00354241258683073
"system";1019;-0,00286133247636959
"system";1020;-0,00448509489979664
"system";1021;-0,00281379264753386
"system";1022;-0,0135056703151922
"system";1023;0,000196643004915356
"system";1024;-0,00674954407805009
"system";1025;-0,00316606369619538
"system";1026;-0,00346631266679352
"system";1027;0,00729012300921188
"system";1028;-0,00259689794224648
"system";1029;-0,00448328625904321
"system";1030;-0,00292155390037763
"system";1031;0,00338308236730689
"system";1032;0,00350070180177799
"system";1033;0,00181767492389348
"system";1034;0,0029229115491427
"system";1035;-0,00268633227713616
"system";1036;-0,00907950449039148
"system";1037;-0,00470720783755177
"system";1038;-0,000994389545357119
"system";1039;0,000383315401505532
"system";1040;-0,0069501156023072
"system";1041;0,00177390329873763
"system";1042;-0,00609927089936026
"system";1043;0,00413725987737777
"system";1044;0,00487706800175569
"system";1045;0,00835654616952256
"system";1046;0,0053640253911538
"system";1047;0,00415517618426804
"system";1048;-0,00260732123977102
"system";1049;0,00437805145287511
"system";1050;-0,00025674094959402
"system";1051;0,00332145179638718
"system";1052;0,00642734459962252
"system";1053;-0,00025314527765917
"system";1054;-0,00455993618074187
"system";1055;0,0126440469731798
"system";1056;0,00776284551698729
"system";1057;0,00209660423623569
"system";1058;0,0111953528954614
"system";1059;0,00332227677381181
"system";1060;0,00932863861524612
"system";1061;0,0063564896305867
"system";1062;-0,00230473186127492
"system";1063;0,00404442116605502
"system";1064;0,00212860047493039
"system";1065;0,00724289699898464
"system";1066;0,00532018599530222
"system";1067;0,0115839112222293
"system";1068;0,000774062744220261
"system";1069;0,000471422522276166
"system";1070;-0,00241937613552555
"system";1071;-0,0056362625845937
"system";1072;0,00584796389002172
"system";1073;-0,000812084885618083
"system";1074;0,0141501072645076
"system";1075;0,0102406626096671
"system";1076;0,00968382123385693
"system";1077;-0,00138360492433898
"system";1078;0,00453223907321477
"system";1079;0,000527572589101979
"system";1080;0,0020692787114272
"system";1081;0,0067154686337534
"system";1082;0,00460633822415003
"system";1083;0,00126852766533017
"system";1084;0,0048804794147851
"system";1085;0,00322357526773162
"system";1086;2,59696250407282e-05
"system";1087;0,00943089582928115
"system";1088;0,0090969066715159
"system";1089;0,0249962625344914
"system";1090;0,0429965332307605
"system";1091;0,019750557846923
"system";1092;0,0416530865415172
"system";1093;0,0344213154912418
"system";1094;0,0642748719573623
"system";1095;0,0315800046965888
"system";1096;-0,00298361398090304
"system";1097;0,0100688817625585
"system";1098;0,0248144416157035
"system";1099;0,026336137626445
"system";1100;0,0138367528846798
"system";1101;0,0152314533224739
"system";1102;-0,045892713820819
"system";1103;0,0474595148742215
"system";1104;-0,0040155419477814
"system";1105;-0,00173618229007458
"system";1106;0,0378344843660641
"system";1107;0,00309608112954858
"system";1108;-0,00301447654361042
"system";1109;0,0383816752200637
"system";1110;-0,0063714947863909
"system";1111;0,0225819484547826
"system";1112;0,00517846737337338
"system";1113;0,0303435149375958
"system";1114;0,00525345167151585
"system";1115;-0,0384129901059262
"system";1116;0,00854063503444827
"system";1117;0,0745203676682383
"system";1118;-0,00703861756384039
"system";1119;-0,0168450462330114
"system";1120;0,0158603451962209
"system";1121;0,0166507044716636
"system";1122;0,013744156399907
"system";1123;0,0106156843719473
"system";1124;-0,0527828725036227
"system";1125;0,00202570694906347
"system";1126;-0,000507846112887851
"system";1127;0,0338287597186096
"system";1128;0,0134123352278536
"system";1129;0,0212352977135491
"system";1130;0,00676856654402309
"system";1131;0,0102429787389215
"system";1132;0,00942994247936722
"system";1133;0,0138822588233121
"system";1134;0,024879382519815
"system";1135;-0,00434085808919171
"system";1136;-0,00288846998099475
"system";1137;-0,0012440894137425
"system";1138;-0,0154890859756812
"system";1139;-0,0179639671826636
"system";1140;0,00830844962580675
"system";1141;0,0226665574464463
"system";1142;-0,00159937341710323
"system";1143;0,0148955729442348
"system";1144;0,0094441825898861
"system";1145;0,0344989185076342
"system";1146;0,0107271679009737
"system";1147;0,02932244799365
"system";1148;0,0129584082786759
"system";1149;0,00621233626973884
"system";1150;0,0143286933584248
"system";1151;0,0371605594195114
"system";1152;0,0170231477384258
"system";1153;0,0496581871515316
"system";1154;0,0267485680390307
"system";1155;0,0473428277543194
"system";1156;0,00406205032932649
"system";1157;-0,00932234508198648
"system";1158;-0,00384488274043995
"system";1159;-0,00642720459300878
"system";1160;0,00884075781968895
"system";1161;0,00323012282517991
"system";1162;0,0139436624207785
"system";1163;-0,00203731464414042
"system";1164;0,0333526409524965
"system";1165;0,000224974218081611
"system";1166;-0,00983098173783939
"system";1167;-0,000530225041799046
"system";1168;-0,000157626867072304
"system";1169;-0,0215830665057831
"system";1170;-0,00155316878967386
"system";1171;0,00184472496705626
"system";1172;-0,0317798829678149
"system";1173;-0,0258074607296905
"system";1174;0,0123247658606308
"system";1175;-0,00135523299827687
"system";1176;-0,0294213618307798
"system";1177;-0,0159941297759987
"system";1178;0,00488206354298258
"system";1179;-0,0260586627591918
"system";1180;-0,00885575117891312
"system";1181;-0,0248478360796746
"system";1182;-0,0103631913406263
"system";1183;-0,00631019314399412
"system";1184;0,0107626157213112
"system";1185;0,000257449698875201
"system";1186;0,0207638785287065
"system";1187;0,0254879082745793
"system";1188;0,00573495549773157
"system";1189;0,0165507969039193
"system";1190;0,0182844114534241
"system";1191;-0,0284161267104632
"system";1192;-0,017734213715487
"system";1193;0,00691328601294584
"system";1194;0,010541462879152
"system";1195;0,0176134510310017
"system";1196;-0,00585309642473204
"system";1197;0,0307198631747112
"system";1198;-0,010385173373301
"system";1199;0,00357313209444057
"system";1200;0,00995420696514039
"system";1201;-0,0119665122995368
"system";1202;0,0017296503594017
"system";1203;0,00250028474302205
"system";1204;0,00419014173077039
"system";1205;0,00229678756309565
"system";1206;-0,00553511431832921
"system";1207;0,0181513959337241
"system";1208;0,00491403575340082
"system";1209;0,00578265324374503
"system";1210;0,019615580443988
"system";1211;0,00326830345012902
"system";1212;0,0168887803952604
"system";1213;0,0856548050803201
"system";1214;0,00934443530416987
"system";1215;0,00684190596742086
"system";1216;0,0024873878630778
"system";1217;0,0117127247353531
"system";1218;-0,0148275158811683
"system";1219;-0,0128287046690075
"system";1220;0,0421428356485867
"system";1221;0,022055280960258
"system";1222;0,0115089987029347
"system";1223;0,0275545714364536
"system";1224;0,00148969434346351
"system";1225;0,0149097687868112
"system";1226;0,0174169210374081
"system";1227;-0,0184232864395091
"system";1228;0,00305083977510801
"system";1229;-0,000187497689370097
"system";1230;-0,00835216107412322
"system";1231;0,00126243382282052
"system";1232;-0,0212737235163694
"system";1233;0,0165578007538019
"system";1234;0,0377189697698579
"system";1235;0,0176981304478492
"system";1236;0,0129078550395651
"system";1237;-0,0137393211564472
"system";1238;-0,0156455557989316
"system";1239;-0,00534465132221812
"system";1240;-0,00238477101681953
"system";1241;-0,00828084370214667
"system";1242;0,00537348054128714
"system";1243;-0,00859455912713639
"system";1244;0,00116331602689382
"system";1245;0,0191493422099731
"system";1246;0,0183290865629908
"system";1247;-0,010144961876583
"system";1248;0,0105236144186438
"system";1249;0,0172641647683615
"system";1250;0,00937351811356202
"system";1251;0,0174561072435806
"system";1252;0,00529008937495757
"system";1253;-0,0227154551810203
"system";1254;-0,0212818519107113
"system";1255;0,00439772688880045
"system";1256;0,0229090298646264
"system";1257;-0,00551457712882134
"system";1258;0,0234700393132172
"system";1259;-0,0255497886554374
"system";1260;-0,0151957040297886
"system";1261;-0,00522645992051255
"system";1262;-0,0167090562448947
"system";1263;-0,0179645550202306
"system";1264;-0,025819407464443
"system";1265;-0,00796818872592215
"system";1266;-0,00891716045687779
"system";1267;0,0142191053878759
"system";1268;-0,0101149080301327
"system";1269;0,0159815917803746
"system";1270;-0,0205367940289945
"system";1271;-0,00897077824213971
"system";1272;0,0130080050260209
"system";1273;0,0145659160336024
"system";1274;-0,0261792416851397
"system";1275;0,00706163629983337
"system";1276;-0,0268177547793198
"system";1277;-0,0137732470655936
"system";1278;-0,00881538079296824
"system";1279;-0,01702687395734
"system";1280;0,00299510879829919
"system";1281;-0,0140093675338872
"system";1282;-0,0175954682937218
"system";1283;-0,0169382345673199
"system";1284;-0,0168981030882381
"system";1285;-0,0313316429372182
"system";1286;0,0152142455220088
"system";1287;0,0158497569872429
"system";1288;-0,00696228163203534
"system";1289;-0,00624362696147921
"system";1290;0,00746376014252
"system";1291;0,00507302901670147
"system";1292;-0,01760418824182
"system";1293;-0,00970397004489892
"system";1294;-0,0336694921903453
"system";1295;0,00931584462451641
"system";1296;-0,0177173331390036
"system";1297;-0,00713493104249838
"system";1298;-0,00828411301601151
"system";1299;-0,0103885548491409
"system";1300;-0,00456060559099857
"system";1301;0,000337078796486819
"system";1302;-0,022649293263496
"system";1303;-0,0221407502607559
"system";1304;0,00626421656059024
"system";1305;0,0444863802462968
"system";1306;-0,0158273607257323
"system";1307;-0,0230922067388111
"system";1308;0,0108226042211912
"system";1309;-0,0117177093058792
"system";1310;-0,0171844317340374
"system";1311;-0,0262764436541617
"system";1312;-0,0100519709132592
"system";1313;-0,00827302415387315
"system";1314;-0,00798640652394642
"system";1315;-0,00427982504829785
"system";1316;0,00772396292253497
"system";1317;-0,00381760336273296
"system";1318;-0,0182989075654726
"system";1319;0,00811263312523236
"system";1320;-0,00535129227956133
"system";1321;-0,0109732242572606
"system";1322;0,00310360957452621
"system";1323;0,00237529743217751
"system";1324;0,00474795296748531
"system";1325;-0,000148807314150096
"system";1326;-0,00606663228733698
"system";1327;-0,0196404224925078
"system";1328;0,00147880707457105
"system";1329;0,00365895033880963
"system";1330;-0,0177907317274439
"system";1331;-0,00680368851340034
"system";1332;-0,00491335699367258
"system";1333;-0,000717448781001162
"system";1334;-0,000473609946487027
"system";1335;-0,0224379132162278
"system";1336;0,00918535039455254
"system";1337;-0,0128469191988681
"system";1338;-0,00142152914026953
"system";1339;0,034202405436588
"system";1340;0,0329205978302633
"system";1341;0,0191765167757758
"system";1342;0,00177954333202426
"system";1343;-0,00850088022807036
"system";1344;-0,00308168123468257
"system";1345;0,0263258320785415
"system";1346;-0,0157488258072186
"system";1347;0,00334315913944938
"system";1348;-0,00449099794811423
"system";1349;0,0142230466694765
"system";1350;0,00723007636641659
"system";1351;0,00590997426404738
"system";1352;0,0320297687465105
"system";1353;-0,00907191455378026
"system";1354;0,0119028438506646
"system";1355;-0,00681362183937648
"system";1356;0,0100423566486075
"system";1357;0,00383833481255345
"system";1358;0,034579483450159
"system";1359;0,00700398676414155
"system";1360;0,0166269674747918
"system";1361;0,0124745250896251
"system";1362;-0,0155083120037219
"system";1363;0,000954767601757982
"system";1364;0,0106567155437166
"system";1365;0,00906573998991873
"system";1366;0,00650446839174312
"system";1367;0,0268327074198729
"system";1368;4,86630497022363e-05
"system";1369;-0,00195368784665125
"system";1370;0,0212070030278116
"system";1371;-0,00885083462472715
"system";1372;-0,0009819939314753
"system";1373;-0,00317375760558695
"system";1374;0,0383787212568985
"system";1375;-0,0015041677106669
"system";1376;-0,028624599345179
"system";1377;-0,0189770411209241
"system";1378;-0,00794645643597165
"system";1379;-0,0172049841789879
"system";1380;0,0403190624186055
"system";1381;0,0127182424025877
"system";1382;0,012475901663198
"system";1383;0,00425771412771711
"system";1384;-0,0171382153177638
"system";1385;-0,000525079350367826
"system";1386;-0,00329761403866486
"system";1387;-0,00443187537770941
"system";1388;-0,00258569354599114
"system";1389;-0,0054423792792517
"system";1390;0,0143011972345567
"system";1391;-0,00163653764338455
"system";1392;-0,000178250639167793
"system";1393;-0,00905630939264728
"system";1394;-0,00585042128862936
"system";1395;-0,00652380585177788
"system";1396;-0,00506012620712958
"system";1397;0,0165626228947548
"system";1398;-0,035285709351122
"system";1399;-0,0124476765477795
"system";1400;-0,0342403397522339
"system";1401;-0,00266498427325672
"system";1402;-0,00702539530127484
"system";1403;0,0277451772561959
"system";1404;-0,00130025533377828
"system";1405;-0,0104619817626403
"system";1406;0,00222988180054881
"system";1407;-0,023005235411765
"system";1408;-0,0110531453766442
"system";1409;-0,00818132737748557
"system";1410;-0,00979407203915625
"system";1411;-0,0135006091150455
"system";1412;-0,00797561540414807
"system";1413;-0,0188860533202647
"system";1414;-0,00886848753215991
"system";1415;0,0160649097378507
"system";1416;-0,0128585473615236
"system";1417;-0,0194588089196464
"system";1418;0,013866786866204
"system";1419;-3,4132293415659e-05
"system";1420;-0,0132598532363129
"system";1421;-0,00668724911084677
"system";1422;-0,0287560122894744
"system";1423;-0,016841913819723
"system";1424;-0,0146193507499515
"system";1425;-0,00808110216064571
"system";1426;0,0168937591238314
"system";1427;0,00337434137130452
"system";1428;0,00505168466874427
"system";1429;-0,00111306179797596
"system";1430;0,0310445720800236
"system";1431;0,00323403422142169
"system";1432;-0,0325589891795759
"system";1433;-0,0107229802232481
"system";1434;-0,0239797724252349
"system";1435;-0,0180146780305261
"system";1436;0,00236479311931214
"system";1437;-0,00912050889777178
"system";1438;0,00495251698235673
"system";1439;-0,00147508176495394
"system";1440;0,00838871977655059
"system";1441;0,0330210941736305
"system";1442;0,00898220116999156
"system";1443;-0,0140246500326954
"system";1444;-0,00097935709621722
"system";1445;-0,0035466284437674
"system";1446;0,0287115270040251
"system";1447;0,00373556429946306
"system";1448;0,039034462296278
"system";1449;-0,00402501055984682
"system";1450;-0,0078814457943771
"system";1451;0,0150120105636256
"system";1452;0,00539647045746019
"system";1453;-0,00729481082232107
"system";1454;0,0101835084378904
"system";1455;-0,00346964245571937
"system";1456;0,036446844768277
"system";1457;-0,0240943429736469
"system";1458;-0,00273001942816358
"system";1459;0,00725826307152769
"system";1460;-0,0156074561755984
"system";1461;-0,00275612642404916
"system";1462;0,00795439085227139
"system";1463;0,0052736621818002
"system";1464;-0,0212860000226456
"system";1465;0,0142909340464249
"system";1466;0,041769753838942
"system";1467;-0,00112098770821197
"system";1468;0,00744213939224683
"system";1469;0,00506642403910881
"system";1470;-0,00643161282636327
"system";1471;0,00410184840967401
"system";1472;0,00365007026305988
"system";1473;-0,0249899529073785
"system";1474;-0,0404197594756516
"system";1475;-0,000590965019741319
"system";1476;-0,00651348258152941
"system";1477;0,0142880871199262
"system";1478;0,0296505040676461
"system";1479;-0,0110823961054572
"system";1480;0,00700532765716975
"system";1481;-0,00100830758883824
"system";1482;-0,0063606413825932
"system";1483;-0,0268014507362682
"system";1484;-0,0328553123903995
"system";1485;-0,00568649117854095
"system";1486;-0,0117796635561974
"system";1487;0,0151913764746241
"system";1488;-0,00573814365533315
"system";1489;-0,00334280671743822
"system";1490;-0,0166372886237832
"system";1491;-0,0313291261378706
"system";1492;-0,00842844569179158
"system";1493;0,00949905260290448
"system";1494;0,0129844719713765
"system";1495;-0,00427995175237609
"system";1496;0,00383358394673783
"system";1497;0,00513847062972326
"system";1498;0,00860751500049254
"system";1499;0,00266696120732745
"system";1500;0,0111890269830087
"system";1501;0,00422827767480527
"system";1502;0,00162758884014349
"system";1503;-0,0246950574160628
"system";1504;-0,0148387444849812
"system";1505;-0,0101281408956216
"system";1506;-0,00222872074869377
"system";1507;-0,00329971441987139
"system";1508;0,0171299827959399
"system";1509;-0,0199083337621462
"system";1510;-0,0203537995668003
"system";1511;-0,0156345853281966
"system";1512;-0,00272377656105351
"system";1513;0,012612244670945
"system";1514;-0,0156251658886799
"system";1515;-0,0251648078268368
"system";1516;-0,013687837959986
"system";1517;-0,0413629369393283
"system";1518;-0,00837128320194955
"system";1519;-0,0166085158928408
"system";1520;-0,0243092648948825
"system";1521;0,0117160992228382
"system";1522;-0,0318375047840156
"system";1523;0,0479716311525345
"system";1524;-0,013183241895222
"system";1525;0,00951658323649883
"system";1526;0,0134940316455939
"system";1527;0,0168950171045404
"system";1528;-0,0186238944748287
"system";1529;-0,0168434390997717
"system";1530;0,00946226315523366
"system";1531;-0,00728682059777946
"system";1532;-0,0129800670869194
"system";1533;-0,00798597709968404
"system";1534;4,57965174163379e-05
"system";1535;-0,00688727567681666
"system";1536;-0,00424129635228743
"system";1537;-0,00303270294442135
"system";1538;-0,0027734984755362
"system";1539;-0,0279945829934833
"system";1540;0,0268830569283448
"system";1541;-0,0417920639878978
"system";1542;-0,00424633732763531
"system";1543;0,00938121489151352
"system";1544;-0,0192705073344921
"system";1545;-0,00206695191354232
"system";1546;0,0238167555280419
"system";1547;0,0195133195849103
"system";1548;-0,00337975912239972
"system";1549;0,00655572317367394
"system";1550;0,00378440877204374
"system";1551;0,00552299615779869
"system";1552;0,000195369477939553
"system";1553;-0,017083338638091
"system";1554;0,0172911066134619
"system";1555;0,0116816942807394
"system";1556;0,0192576061987986
"system";1557;0,00556629326107224
"system";1558;0,0234782083741472
"system";1559;-0,00971057205519563
"system";1560;0,00347771051131885
"system";1561;-0,00640094815194915
"system";1562;0,0016763517086243
"system";1563;0,00884692265608384
"system";1564;0,0165061495462186
"system";1565;0,00387697610823045
"system";1566;0,0401374177183596
"system";1567;0,00534331770823214
"system";1568;0,0168721348700359
"system";1569;0,0160815570827497
"system";1570;0,0053019598714866
"system";1571;-0,0216122394553463
"system";1572;-0,00401092648292875
"system";1573;0,0270757349727548
"system";1574;0,00719963825915752
"system";1575;-0,0157525998953621
"system";1576;-0,0332585785748763
"system";1577;-0,00549176963709323
"system";1578;-0,0163023300329627
"system";1579;-0,00456652238493421
"system";1580;0,0108966459670672
"system";1581;-0,0204938906580978
"system";1582;-0,0215713922824044
"system";1583;-0,0233006765526003
"system";1584;0,000422313629365789
"system";1585;-0,0122846727639043
"system";1586;0,000750023493837165
"system";1587;-0,0113001319678451
"system";1588;-0,00882995075422454
"system";1589;-0,0305571511850956
"system";1590;-0,0238694056070677
"system";1591;-0,012838610608345
"system";1592;0,00256113033277496
"system";1593;-0,0368312553037911
"system";1594;0,00223368675038444
"system";1595;-0,0292254921179802
"system";1596;-0,0128096596608289
"system";1597;-0,00158723201982336
"system";1598;0,00946644612262507
"system";1599;-0,01858078255602
"system";1600;-0,0327628761422065
"system";1601;0,00924071108917481
"system";1602;-0,0182946940014134
"system";1603;-0,0155689966326574
"system";1604;-0,0126958403927058
"system";1605;-0,0206065743155526
"system";1606;0,00115047306507826
"system";1607;-0,012144521763207
"system";1608;-0,00475030699492368
"system";1609;-0,0113573044833269
"system";1610;-0,00719927705527358
"system";1611;-0,0438041267900684
"system";1612;0,000302099733105576
"system";1613;-0,0111726863999989
"system";1614;-0,00356130120417199
"system";1615;0,0151006624452834
"system";1616;-0,0126887370697661
"system";1617;-0,0158690266217526
"system";1618;-0,0324800831652286
"system";1619;-0,0141636859785567
"system";1620;-0,03021964527712
"system";1621;0,00714172668871747
"system";1622;-0,0133394830688832
"system";1623;0,00442216280391301
"system";1624;-0,0069654910968231
"system";1625;-0,00338955367544446
"system";1626;-0,0156226311890381
"system";1627;0,0077630268796797
"system";1628;-0,0101802120063797
"system";1629;-0,00021945102908499
"system";1630;-0,0102556661890789
"system";1631;-0,0332617479090461
"system";1632;-0,010064934003257
"system";1633;-0,00379266741840746
"system";1634;-0,00529437558713777
"system";1635;0,00239343310179209
"system";1636;-0,00480380930247216
"system";1637;-0,0101871531196527
"system";1638;-0,00689682008856034
"system";1639;-0,0166703414026499
"system";1640;0,00233627168983672
"system";1641;-0,00361162159777083
"system";1642;0,00253752813892751
"system";1643;0,0117997611691052
"system";1644;-0,00570896382740918
"system";1645;-0,0136621994096214
"system";1646;-0,00128347506524248
"system";1647;0,010543629722718
"system";1648;-0,00809546494622765
"system";1649;-0,00293696065656922
"system";1650;0,00887302848723989
"system";1651;-0,0114022933489775
"system";1652;-0,00949878182083264
"system";1653;-0,01097773994631
"system";1654;-0,0156970869983049
"system";1655;-0,0050052445538953
"system";1656;-0,0135613353740439
"system";1657;-0,0163607100257119
"system";1658;0,00988586908807423
"system";1659;0,00502272294475391
"system";1660;0,00702059910816166
"system";1661;-0,00718598354081057
"system";1662;-0,00476852610471026
"system";1663;0,000174024699322858
"system";1664;-0,00519073339677913
"system";1665;-0,00462902166958118
"system";1666;-0,0197199454995364
"system";1667;-0,0185264766362028
"system";1668;-0,00251424703571401
"system";1669;0,00462188010825317
"system";1670;0,00478014974922777
"system";1671;0,00850136426766018
"system";1672;-0,00173822468386409
"system";1673;0,00505762343794405
"system";1674;-0,00124659852012439
"system";1675;0,000493175315382552
"system";1676;-0,00271410204230882
"system";1677;-0,00350195960147631
"system";1678;0,00128745757115657
"system";1679;-0,00955723388974863
"system";1680;-0,00548252013599627
"system";1681;0,0117061428241182
"system";1682;0,0100205655433321
"system";1683;0,008477185095176
"system";1684;0,00460722863738361
"system";1685;0,00290783050384057
"system";1686;0,00985526036395931
"system";1687;0,0110530836465137
"system";1688;0,00275865966895833
"system";1689;-0,00615373153423766
"system";1690;-0,00805595735801713
"system";1691;-0,0106696263498831
"system";1692;0,00569911801042775
"system";1693;-0,00400905990710683
"system";1694;0,00972163710921006
"system";1695;-0,000196769003076191
"system";1696;-0,0126996716631984
"system";1697;-0,0091981954870736
"system";1698;0,0016872444754692
"system";1699;-0,00888393729951031
"system";1700;-0,00458164570662052
"system";1701;0,00899530291867397
"system";1702;0,0109197547388421
"system";1703;0,00542958511270018
"system";1704;-0,00184480059242245
"system";1705;0,0034927280957012
"system";1706;-0,000720571723186417
"system";1707;-0,0106984003646986
"system";1708;0,00188165544401282
"system";1709;-0,00677797535651975
"system";1710;-0,0109181961555525
"system";1711;-0,000657625760354358
"system";1712;-0,0147425468068029
"system";1713;-0,0114122391916644
"system";1714;-0,00862895548339448
"system";1715;0,0330616280744788
"system";1716;0,0191073810177241
"system";1717;0,00592122478644982
"system";1718;0,00876707620473932
"system";1719;0,0224481081961049
"system";1720;0,00432388330470651
"system";1721;0,00155368870558946
"system";1722;0,0261946313638068
"system";1723;0,0113278244871972
"system";1724;0,0148104469590894
"system";1725;0,00715520991918131
"system";1726;0,00294823790293089
"system";1727;-0,00659205376054033
"system";1728;0,00166947789954235
"system";1729;-0,0109778310251486
"system";1730;-0,00383577215859567
"system";1731;-0,00508322353015377
"system";1732;-0,00553923053865983
"system";1733;-0,00976691123220957
"system";1734;-0,00360306793654443
"system";1735;0,0187017939823398
"system";1736;-0,00316541873957862
"system";1737;0,0127692962905095
"system";1738;0,0178172677466217
"system";1739;0,00767089665504585
"system";1740;0,00853441132256569
"system";1741;0,0149348333175543
"system";1742;-0,0160791170572927
"system";1743;0,00123069957101823
"system";1744;0,00183591883213791
"system";1745;-0,00672488458931039
"system";1746;0,00687633638292715
"system";1747;0,0119925720337277
"system";1748;0,000477276677143978
"system";1749;-0,00427985647496727
"system";1750;-0,0114696346343662
"system";1751;0,0022731059192513
"system";1752;-0,00439644568104464
"system";1753;-0,00112358541313452
"system";1754;-0,0179475118629513
"system";1755;-0,0119824920735519
"system";1756;-0,0155429466122229
"system";1757;-0,00434609680211563
"system";1758;-0,00219076607133287
"system";1759;-0,00189731526979701
"system";1760;-0,00934265389373082
"system";1761;0,00959807350444106
"system";1762;-0,0105999005076271
"system";1763;0,0112375051614665
"system";1764;0,0286749416035325
"system";1765;0,0114895992378049
"system";1766;0,0135826133489639
"system";1767;0,0162706822226312
"system";1768;0,0125427846266718
"system";1769;0,0230373159053448
"system";1770;0,0139734498674881
"system";1771;0,0163933102848352
"system";1772;0,0137690880830781
"system";1773;0,00280516394301096
"system";1774;-0,0129574297492252
"system";1775;-0,00931605564084172
"system";1776;-0,0138030766132375
"system";1777;0,000819911428604728
"system";1778;-0,00775574908351907
"system";1779;-0,00454992672562411
"system";1780;-0,00841425959404264
"system";1781;0,0140272951363409
"system";1782;0,0192007222834701
"system";1783;0,00564777363867658
"system";1784;0,00583698372806682
"system";1785;0,00318506235466966
"system";1786;-0,00182258794750485
"system";1787;-0,0110334313598178
"system";1788;-0,0166618355160661
"system";1789;-0,00426255557651452
"system";1790;-0,0103451239696224
"system";1791;-0,00553431628745699
"system";1792;-0,00775683128121732
"system";1793;-0,0117049834318924
"system";1794;-0,0070613562614622
"system";1795;-0,0107553203696978
"system";1796;-0,00421249400023567
"system";1797;-0,00153014572208328
"system";1798;0,0125395046530333
"system";1799;0,00802693538022341
"system";1800;0,0163997617051688
"system";1801;0,0129820243866074
"system";1802;0,00735478517718233
"system";1803;-0,00526947822871635
"system";1804;-0,00685385780546953
"system";1805;-0,0142360365609947
"system";1806;-0,00321207690167181
"system";1807;-0,00168909591325879
"system";1808;-0,0180591383693023
"system";1809;-0,00708668072659489
"system";1810;-0,00298169744501525
"system";1811;0,000664397758467272
"system";1812;-0,00858159759796139
"system";1813;-0,0069335103060305
"system";1814;-0,0156125041036155
"system";1815;-0,00892693475403249
"system";1816;-0,00369984837248284
"system";1817;-0,00703125410256718
"system";1818;0,012373045203457
"system";1819;0,0112789089069831
"system";1820;-0,00192956650853518
"system";1821;0,00607548695167993
"system";1822;0,015921186683018
"system";1823;0,00915907029751394
"system";1824;0,0145535603038365
"system";1825;0,00675795463626125
"system";1826;0,00809750617573818
"system";1827;-0,00362894398476883
"system";1828;-0,0122581090472114
"system";1829;-0,016270046425615
"system";1830;-0,0101825160703396
"system";1831;-0,0175180846035861
"system";1832;-0,0191090624504279
"system";1833;-0,0124299775456499
"system";1834;-0,0159192940319277
"system";1835;0,00272580239466851
"system";1836;0,00886805205221224
"system";1837;0,00669435878705832
"system";1838;0,00447703041482213
"system";1839;0,013638639756168
"system";1840;-0,00652882447024164
"system";1841;-0,016834905987618
"system";1842;-0,0106504704229543
"system";1843;-0,0218612290289758
"system";1844;-0,013628029222405
"system";1845;-0,00975944266388097
"system";1846;-0,0117915200805282
"system";1847;0,0116706758403972
"system";1848;0,0130602662649238
"system";1849;0,0135956661795345
"system";1850;0,00699949281706981
"system";1851;0,00163281553056753
"system";1852;0,0151292113637626
"system";1853;-0,00660156677217456
"system";1854;-0,0009680877442938
"system";1855;-0,00910024605997845
"system";1856;-0,0143905603675807
"system";1857;-0,00793386364203422
"system";1858;-0,0203390490213846
"system";1859;-0,00587216722001506
"system";1860;-0,00806663342972912
"system";1861;-0,0110918004923252
"system";1862;-0,0128703728584101
"system";1863;-0,0152760517326939
"system";1864;-0,0217335021902972
"system";1865;-0,0108607607452998
"system";1866;-0,00741739749472438
"system";1867;-0,0216736230050211
"system";1868;0,00357757251963328
"system";1869;-0,000493910888869395
"system";1870;-0,0129168463134287
"system";1871;-0,00911513406809743
"system";1872;-0,00377820270130086
"system";1873;0,00430014104852004
"system";1874;-0,0193212735313949
"system";1875;0,0157907680394807
"system";1876;0,0196780964840915
"system";1877;0,00108898573261419
"system";1878;0,00312933301318179
"system";1879;0,0127108259240025
"system";1880;0,00432512182417652
"system";1881;0,0127105394161502
"system";1882;0,0228304258336125
"system";1883;0,0142081078094832
"system";1884;0,0128585606500147
"system";1885;0,0205481699861706
"system";1886;0,015496464121918
"system";1887;0,00471999017966575
"system";1888;0,00429032877347624
"system";1889;0,0268717563249035
"system";1890;0,0247972376213641
"system";1891;0,00644254000023482
"system";1892;-0,00360890637485846
"system";1893;-0,00587268508595577
"system";1894;-0,00637130892163064
"system";1895;0,00407431855364472
"system";1896;-0,00792574057594787
"system";1897;-0,000543638701832674
"system";1898;-0,00184774053593476
"system";1899;-0,0101055919185371
"system";1900;-0,00182618584192365
"system";1901;-0,00560944204570255
"system";1902;-0,00761761522141614
"system";1903;-0,00570286937772389
"system";1904;0,000939292382322751
"system";1905;0,00220998213344599
"system";1906;0,00209002168934626
"system";1907;-0,00515110698156725
"system";1908;-0,00897257516646258
"system";1909;0,0073068871982517
"system";1910;0,00216301262910758
"system";1911;-0,00967462577618308
"system";1912;-0,00430095410875654
"system";1913;-0,0024069296259851
"system";1914;-0,00148140576829622
"system";1915;0,00449313641499029
"system";1916;-0,00652680496619489
"system";1917;0,00863164607637798
"system";1918;0,00385038357293946
"system";1919;-0,00391314816737831
"system";1920;-0,00319361688433421
"system";1921;-0,00949226135340131
"system";1922;-0,000266102192068948
"system";1923;0,00918818997852343
"system";1924;0,0244783800890199
"system";1925;0,0206676904492044
"system";1926;0,00999100971476904
"system";1927;0,00786381318311828
"system";1928;2,70982209196607e-05
"system";1929;0,00546949889084705
"system";1930;-0,00510614086357952
"system";1931;0,00492641541838947
"system";1932;0,00132126656952371
"system";1933;-0,00309799833841323
"system";1934;0,00163609595609102
"system";1935;-0,00608805579025265
"system";1936;-0,0128086712169169
"system";1937;-0,00762705281060856
"system";1938;-0,00869053535754218
"system";1939;-0,0170597544863442
"system";1940;-0,0151885936332855
"system";1941;0,0136698268842489
"system";1942;0,00827027148360623
"system";1943;0,00645177600664062
"system";1944;0,00410430849454479
"system";1945;0,0274235270791907
"system";1946;-9,39707760137104e-05
"system";1947;-0,0081675303649032
"system";1948;0,00898699031473812
"system";1949;0,00380299030532204
"system";1950;0,0055874552708854
"system";1951;0,0269293864345702
"system";1952;0,018874487686013
"system";1953;-0,000669395794076197
"system";1954;-0,00417882297681949
"system";1955;-0,00641902623863883
"system";1956;-0,00927819413660733
"system";1957;0,0090830956251052
"system";1958;0,000581998665525718
"system";1959;0,00699534600999226
"system";1960;0,00151944524248336
"system";1961;0,00828344641845467
"system";1962;-0,00107483094233346
"system";1963;0,00299584930626969
"system";1964;-0,0100992888813757
"system";1965;0,000323575251980568
"system";1966;-0,0053897588289486
"system";1967;-0,0124686979380755
"system";1968;-0,00691293776858551
"system";1969;0,00514035428852172
"system";1970;-0,00297369406974195
"system";1971;-0,00773837140733263
"system";1972;0,00778717351559143
"system";1973;-0,00551334420995139
"system";1974;0,00629043921536816
"system";1975;0,0114485213826424
"system";1976;0,00713106946472954
"system";1977;0,0178758328266421
"system";1978;0,00460795277444132
"system";1979;0,00127119550277983
"system";1980;0,00793160336703412
"system";1981;0,0192870215504969
"system";1982;0,023316873149311
"system";1983;0,00916871070215054
"system";1984;-0,0118711481248243
"system";1985;0,00404505062703882
"system";1986;0,02378561421149
"system";1987;-0,000224943581356399
"system";1988;-0,00654243293711378
"system";1989;0,0176769298554156
"system";1990;0,00230964946732351
"system";1991;-0,00585219657053596
"system";1992;0,00355372494314969
"system";1993;0,0121725457718442
"system";1994;0,0148766164078111
"system";1995;-0,00251584226516156
"system";1996;0,00154584557864332
"system";1997;-0,000193005887393474
"system";1998;0,00235281436017468
"system";1999;-0,000106731880271591
"system";2000;0,00574514776134827
"system";2001;-0,0153079788293125
"system";2002;-0,00228712403684045
"system";2003;0,00372585266617229
"system";2004;-0,00404932851698013
"system";2005;0,0136461790728233
"system";2006;0,0191366723915459
"system";2007;-0,00336095217379036
"system";2008;-0,000474868216233285
"system";2009;0,00985745960350709
"system";2010;0,00913299221803071
"system";2011;0,00458168506034243
"system";2012;0,0150920920318783
"system";2013;-0,00556766405415667
"system";2014;0,0225492977278584
"system";2015;0,0172704285085351
"system";2016;0,0374721514275557
"system";2017;0,00230467645042759
"system";2018;-0,00318735129096884
"system";2019;0,029561389729362
"system";2020;0,00452601686698105
"system";2021;0,00524172403163468
"system";2022;0,0279493233036387
"system";2023;0,0186799060541166
"system";2024;0,013314348118338
"system";2025;0,0227407475152309
"system";2026;0,00908330973218567
"system";2027;0,00652841784734158
"system";2028;0,00231647080751632
"system";2029;0,0241597944648023
"system";2030;0,00997316258276448
"system";2031;0,0267186876577538
"system";2032;0,0128506212999505
"system";2033;0,0141030391707334
"system";2034;-0,00985025497850325
"system";2035;-0,0204144681455963
"system";2036;-0,000905695922462771
"system";2037;-0,0062734704975962
"system";2038;-0,0111802077757938
"system";2039;-0,00555554363481776
"system";2040;-0,00164727020673476
"system";2041;-0,00162841731505872
"system";2042;0,000558151037601817
"system";2043;-0,00615963162007135
"system";2044;-0,00528759785370594
"system";2045;8,72899766122676e-05
"system";2046;0,0012689879107142
"system";2047;-0,00578316597182364
"system";2048;-0,00575868289928759
"system";2049;-0,0013580205985973
"system";2050;-0,00639686454367293
"system";2051;-0,00622758947654978
"system";2052;0,00185925671432494
"system";2053;0,0144916011127348
"system";2054;-0,0143535646537645
"system";2055;0,00980079496509588
"system";2056;0,0115001500643387
"system";2057;0,00713845085435068
"system";2058;0,00223364318519664
"system";2059;-0,0125255948904285
"system";2060;0,00544125078762664
"system";2061;0,00240525400245398
"system";2062;0,0117640898281902
"system";2063;-0,00489809841603638
"system";2064;0,00342921480137856
"system";2065;0,0125288429906274
"system";2066;-0,0116571549785051
"system";2067;0,00220756462814373
"system";2068;-0,00459350742673788
"system";2069;-0,0166241060967255
"system";2070;-0,00408036484860812
"system";2071;-0,0129125640383994
"system";2072;-0,00176683246837038
"system";2073;-0,00251056746163303
"system";2074;-0,0153274097841828
"system";2075;-0,00167703152877788
"system";2076;-0,00293474457652734
"system";2077;-0,0123778041309989
"system";2078;-0,0044731144221343
"system";2079;-0,00878016810083773
"system";2080;-0,0138037678608891
"system";2081;0,013874026687794
"system";2082;0,00787395388319052
"system";2083;-0,00104176227563987
"system";2084;0,00923266544146191
"system";2085;0,00752026637320796
"system";2086;0,00601938680550816
"system";2087;0,000551995806150937
"system";2088;-0,00897508091762243
"system";2089;0,0154810286430996
"system";2090;0,0160682349409086
"system";2091;0,0138985964075794
"system";2092;0,000721034616647617
"system";2093;-0,0126136663980516
"system";2094;-0,015300030542396
"system";2095;0,00384624955076722
"system";2096;-0,00323509869042889
"system";2097;-0,00317734691021347
"system";2098;-0,0031701224213533
"system";2099;-0,0118766052732413
"system";2100;-0,0240668143899608
"system";2101;-0,00257031928952962
"system";2102;-0,0148611715253624
"system";2103;-0,0131958578835759
"system";2104;-0,00991171823158579
"system";2105;0,00404309687417784
"system";2106;-0,0137624838374507
"system";2107;-0,00170540695577406
"system";2108;0,00743747769760023
"system";2109;-0,00593395514789959
"system";2110;0,00293446964273773
"system";2111;-0,0051328721883085
"system";2112;-0,00453269927027422
"system";2113;0,00460714637733481
"system";2114;-0,00428859876827672
"system";2115;-0,00555409171968041
"system";2116;-0,00241895735629044
"system";2117;0,00742270453348466
"system";2118;-0,00629685001790116
"system";2119;0,00345833499023275
"system";2120;-0,0118514857712454
"system";2121;-0,00610078952870767
"system";2122;-0,00497283054980009
"system";2123;-0,0121665774388864
"system";2124;-0,0190091736271147
"system";2125;-0,0206128974443305
"system";2126;-0,0180769540981808
"system";2127;-0,0164283959857968
"system";2128;-0,0106548622731169
"system";2129;-0,00927178994872854
"system";2130;-0,00564181256871273
"system";2131;0,00019271772351187
"system";2132;-5,57016443677449e-05
"system";2133;0,00532169288519856
"system";2134;-0,0082722071371656
"system";2135;0,000538709663109552
"system";2136;-0,00708983283408553
"system";2137;-0,028168534161329
"system";2138;-0,00734160710276764
"system";2139;-0,0111608058468125
"system";2140;-0,00318335859815184
"system";2141;-0,00931456528408947
"system";2142;-0,00830151407888145
"system";2143;0,016179793017823
"system";2144;-0,0103470143978071
"system";2145;0,0122357380651732
"system";2146;0,0108243458160882
"system";2147;-0,00378433732372442
"system";2148;0,00100671948648547
"system";2149;-0,0114883461068485
"system";2150;-0,0144426463750315
"system";2151;-0,0125677691370456
"system";2152;-0,00539887094510325
"system";2153;-0,000977758024048009
"system";2154;-0,00591559429562165
"system";2155;-0,0159569096909642
"system";2156;-0,0102452672633833
"system";2157;-0,0165576548765507
"system";2158;-0,0119848056450096
"system";2159;-0,00010557890371872
"system";2160;-0,00899712997578733
"system";2161;-0,0123664776644729
"system";2162;0,0137995719204552
"system";2163;0,0139599325682119
"system";2164;0,00154142247876669
"system";2165;0,00161356851079396
"system";2166;-0,00224696664005769
"system";2167;0,00676255735083481
"system";2168;0,000655780677401629
"system";2169;0,00590240133263274
"system";2170;-0,00267032392256056
"system";2171;0,0170920237582851
"system";2172;-0,00763174098317176
"system";2173;-0,00224830941404189
"system";2174;-0,00500021683100819
"system";2175;-0,000495202773913517
"system";2176;0,0139090513145
"system";2177;-0,00598804822191151
"system";2178;-0,00496578012632867
"system";2179;0,00715039073739426
"system";2180;-0,038549803123979
"system";2181;-0,00704714814765714
"system";2182;-0,0179083814686333
"system";2183;-0,0184973003741585
"system";2184;0,025661799700091
"system";2185;-0,00570453723426137
"system";2186;-0,0191086618415598
"system";2187;-0,0311721681921672
"system";2188;0,0194881473682807
"system";2189;0,00391794510255739
"system";2190;0,0724807773603715
"system";2191;-0,0216962080627022
"system";2192;0,0597941802562959
"system";2193;0,00171021285796541
"system";2194;0,0163123551978919
"system";2195;-0,00597087690653547
"system";2196;0,0106639754530562
"system";2197;-0,00306174626123124
"system";2198;0,0108592512340913
"system";2199;-0,0279750726532423
"system";2200;-0,00914812680000143
"system";2201;-0,0132594755766204
"system";2202;-0,00958787912766346
"system";2203;0,0313540876929063
"system";2204;-0,00533113702979479
"system";2205;-0,0224336351454486
"system";2206;0,0149821181781269
"system";2207;0,0230005849578312
"system";2208;0,024586464599396
"system";2209;0,016756952886458
"system";2210;0,0136654800576359
"system";2211;0,0154884714032512
"system";2212;0,0833114317410608
"system";2213;-0,00750408247915826
"system";2214;0,051470012027261
"system";2215;-0,0129925504417213
"system";2216;0,0145513619447068
"system";2217;-0,00904780677674433
"system";2218;0,0121652690115249
"system";2219;-0,0385905007312048
"system";2220;-0,0190071202619128
"system";2221;-0,00764588249892695
"system";2222;-0,0270800324341118
"system";2223;0,0224594690400133
"system";2224;0,0225951538043911
"system";2225;0,0350209173778944
"system";2226;0,0193374902929126
"system";2227;0,00793585195214064
"system";2228;0,0162264754237816
"system";2229;-0,0333974051034923
"system";2230;0,0029616397959141
"system";2231;-0,00580490138536194
"system";2232;0,0253820849621121
"system";2233;-0,0127283314668181
"system";2234;0,00109905064491006
"system";2235;-0,0152355542025376
"system";2236;-0,00286425872127485
"system";2237;-0,00834019623670246
"system";2238;0,000394477361365553
"system";2239;-0,0112369741470251
"system";2240;-0,0217214624687994
"system";2241;-0,0356322601115943
"system";2242;-0,00627454969883962
"system";2243;-0,0193976128231465
"system";2244;0,0145588069798733
"system";2245;0,000963380393987662
"system";2246;-0,000590538662986195
"system";2247;0,0161803095557815
"system";2248;0,00250665983399154
"system";2249;0,0068051736955434
"system";2250;0,00724007467160753
"system";2251;-0,0126745948987808
"system";2252;-0,00911205461171563
"system";2253;-0,0297084568527507
"system";2254;-0,00828313980246198
"system";2255;-0,00732230634039263
"system";2256;-0,00803970684522887
"system";2257;-0,00948438924813308
"system";2258;-0,0120844359717
"system";2259;0,00590519270609502
"system";2260;0,0115418281402974
"system";2261;0,00726884490045959
"system";2262;-0,0041854857467806
"system";2263;-0,0129905605794645
"system";2264;0,00499974924064372
"system";2265;-0,0176891281351795
"system";2266;-0,0172273729406314
"system";2267;-0,00349853293996966
"system";2268;0,00469310720001148
"system";2269;0,0229884311926515
"system";2270;0,0236756375066323
"system";2271;0,00728786896626207
"system";2272;-0,00959121270325664
"system";2273;-0,00324310274845285
"system";2274;-0,0312435673050796
"system";2275;-0,0205921420174104
"system";2276;0,0030314237757107
"system";2277;-0,00835976831731683
"system";2278;-0,0236910584624224
"system";2279;0,0471298397965866
"system";2280;0,00203334482022946
"system";2281;-0,00434262924338949
"system";2282;-0,019963650058209
"system";2283;-0,0238122120791102
"system";2284;-0,0122480181812871
"system";2285;-0,0293097165200594
"system";2286;-0,00619669448710866
"system";2287;0,0307505360006304
"system";2288;0,0198114727482662
"system";2289;0,0532201875956154
"system";2290;-0,0252549652107519
"system";2291;-0,0097416411536082
"system";2292;0,0187347915130339
"system";2293;-0,00344749919819368
"system";2294;0,0119297955641509
"system";2295;0,000261604746518485
"system";2296;-0,00821948471175457
"system";2297;-0,0117615170178993
"system";2298;-0,0203362318873171
"system";2299;-0,0115442444340393
"system";2300;-0,0238498270492805
"system";2301;-0,0640591799532838
"system";2302;-0,0171867222323886
"system";2303;-0,00593265058962184
"system";2304;-0,0160077783424522
"system";2305;-0,0142997937721185
"system";2306;0,0525756816499079
"system";2307;0,00967272897224788
"system";2308;-0,0826131289433242
"system";2309;-0,0302383278641085
"system";2310;-0,0215238753767377
"system";2311;-0,0271832492995597
"system";2312;-0,0267045540489362
"system";2313;-0,0344157894744952
"system";2314;-0,026388357523362
"system";2315;-0,0110122077549407
"system";2316;-0,0116607842189186
"system";2317;0,0230300723892924
"system";2318;0,0138617996105706
"system";2319;0,00776974623690202
"system";2320;0,0131825857406828
"system";2321;-0,0360102389941834
"system";2322;-0,0520540159711137
"system";2323;-0,0153813775745211
"system";2324;-0,0205534198433415
"system";2325;-0,0108280207866663
"system";2326;-0,0153513362116517
"system";2327;-0,0158480299693675
"system";2328;-0,0276297032660264
"system";2329;0,0222764855028008
"system";2330;0,0261850070611383
"system";2331;0,0420788105158005
"system";2332;-0,0122770202225533
"system";2333;-0,0210040088204502
"system";2334;-0,0302041017791622
"system";2335;0,0180549729370197
"system";2336;-0,0344343799196732
"system";2337;-0,0289299705608023
"system";2338;-0,0250439468074552
"system";2339;-0,0238351491420388
"system";2340;-0,0299201465303417
"system";2341;-1,87539351390043e-06
"system";2342;0,00462477205859527
"system";2343;-0,0316091849224562
"system";2344;-0,0436694324184017
"system";2345;-0,0245514568201603
"system";2346;-0,0278163660359031
"system";2347;0,0129711876133035
"system";2348;0,0520139584772143
"system";2349;0,0442612462897574
"system";2350;0,0176643227141026
"system";2351;-0,0150541335668821
"system";2352;0,0307330986882973
"system";2353;0,014997939347879
"system";2354;0,00433916675851817
"system";2355;0,00514271929748558
"system";2356;-0,0244836071985418
"system";2357;-0,0411059481683348
"system";2358;0,0209953589867923
"system";2359;0,0114018753154835
"system";2360;-0,0103833256978773
"system";2361;-0,0108033826088654
"system";2362;0,0011872258216627
"system";2363;-0,0398494132062443
"system";2364;0,00506223556428897
"system";2365;0,000200796442071521
"system";2366;-0,0219171830140736
"system";2367;-0,00720322777399521
"system";2368;-0,0153812499238083
"system";2369;-0,0175851748621805
"system";2370;-0,00311523223593779
"system";2371;0,0082284288245317
"system";2372;0,0349217095269271
"system";2373;0,0291613001750992
"system";2374;-0,00693791808359412
"system";2375;-0,019597358581293
"system";2376;-0,019058511975476
"system";2377;-0,00359743293494894
"system";2378;-0,0198470390207464
"system";2379;-0,0198514968248005
"system";2380;0,00762194098933261
"system";2381;-0,00138663691037122
"system";2382;0,030798645888079
"system";2383;-0,0241215429099901
"system";2384;0,0457881671493586
"system";2385;0,0383083400217043
"system";2386;0,0121529626579902
"system";2387;-0,00500375550138585
"system";2388;0,0241308784187586
"system";2389;0,00819695296181513
"system";2390;0,00267956769014194
"system";2391;0,0108707356162375
"system";2392;-0,00357359800948401
"system";2393;-0,0568722124938019
"system";2394;0,0570378994185949
"system";2395;0,0484681707898261
"system";2396;0,0171465209080051
"system";2397;0,009540157248556
"system";2398;0,0255961536742584
"system";2399;0,0343453145513605
"system";2400;0,0121968159051645
"system";2401;0,039263544864252
"system";2402;-0,0119046404530157
"system";2403;-0,00274700056915991
"system";2404;-0,0132860476040075
"system";2405;0,0425630803997913
"system";2406;0,0030412099107554
"system";2407;-0,0146346363012036
"system";2408;-0,00127764990977572
"system";2409;-0,00594205767054348
"system";2410;-0,00244162140986545
"system";2411;-0,0294984063810709
"system";2412;0,0422609115093958
"system";2413;-0,027204806585502
"system";2414;0,0194160937070655
"system";2415;0,0393250888776488
"system";2416;-0,0264081823168263
"system";2417;-0,0184693264460529
"system";2418;0,0205674899520917
"system";2419;-0,00544437564150044
"system";2420;-0,0110330428783756
"system";2421;-0,0171376317252804
"system";2422;-0,0311101022230868
"system";2423;-0,00375444776875855
"system";2424;-0,0442054706762815
"system";2425;-0,0172377478237057
"system";2426;-0,0359623443489762
"system";2427;-0,0386006341756104
"system";2428;-0,0304106214498715
"system";2429;-0,0176233163794638
"system";2430;-0,0265361144525096
"system";2431;-0,0201163378295829
"system";2432;-0,0017532104898727
"system";2433;-0,0499002473107031
"system";2434;-0,0189287816573834
"system";2435;-0,0439565206256109
"system";2436;0,00667129829724167
"system";2437;0,0127866885019089
"system";2438;-0,0162437741682484
"system";2439;0,0115910320420022
"system";2440;-0,018554302350231
"system";2441;0,00249551620554195
"system";2442;-0,00559043771510298
"system";2443;0,0259600584833619
"system";2444;-0,0454114115764138
"system";2445;-0,0211595412273949
"system";2446;-0,013182515950969
"system";2447;-0,0270073426577848
"system";2448;-0,0325822027520405
"system";2449;0,0118544209005116
"system";2450;0,0118185810232392
"system";2451;-0,0086830946153918
"system";2452;0,0149290560242433
"system";2453;-0,0537502607597093
"system";2454;-0,00954279457955026
"system";2455;-0,0179932707945669
"system";2456;-0,0263753831572486
"system";2457;0,0242238131848372
"system";2458;-0,0261225242531541
"system";2459;-0,0200026477237556
"system";2460;-0,00324906625536803
"system";2461;0,0136361969663906
"system";2462;-0,0213383225359451
"system";2463;0,011165306183063
"system";2464;0,027510178583312
"system";2465;0,0410564463041856
"system";2466;-0,024755180784584
"system";2467;-0,00959812036368368
"system";2468;-0,0733651593492625
"system";2469;-0,0492972020618779
"system";2470;-0,0420146105777947
"system";2471;-0,0288565507720357
"system";2472;0,00160938906955627
"system";2473;0,00174336084603374
"system";2474;0,0227698084462445
"system";2475;0,0100673577172813
"system";2476;0,00834658158882823
"system";2477;-0,000624016151388851
"system";2478;-0,0262068515081759
"system";2479;0,0104288908211114
"system";2480;-0,000520370286789917
"system";2481;0,0118214804217508
"system";2482;0,00337244421554803
"system";2483;0,0320439011446329
"system";2484;0,0118278511922256
"system";2485;-0,0290765883477422
"system";2486;0,0344752364524808
"system";2487;0,0121256595461504
"system";2488;-0,00547297544584252
"system";2489;-0,0211771132841474
"system";2490;0,0112042061722927
"system";2491;0,00130588176335406
"system";2492;0,018341695532021
"system";2493;0,0501557438736124
"system";2494;0,00772487823763057
"system";2495;0,0367853147742858
"system";2496;-0,0143655629462023
"system";2497;-0,0191371592888357
"system";2498;0,0124451324892079
"system";2499;-0,00726057804547717
"system";2500;-0,0108758868620732
"system";2501;-0,00267257486510689
"system";2502;-0,00204063765108933
"system";2503;-0,0423593370668549
"system";2504;-0,00424745797396703
"system";2505;0,0244112029179237
"system";2506;-0,0111259533772154
"system";2507;-0,018904020107237
"system";2508;-0,000432167822590895
"system";2509;0,0260296975510977
"system";2510;0,0178965881998795
"system";2511;-0,000998177412798257
"system";2512;0,00031479395828099
"system";2513;-0,0236359003546194
"system";2514;-0,019021854832955
"system";2515;-0,00210785569683813
"system";2516;-0,0149337996834411
"system";2517;-0,0146093614561745
"system";2518;-0,000757321251332932
"system";2519;-0,00031211693480393
"system";2520;0,0378535479534828
"system";2521;0,00607157089867258
"system";2522;-0,0016080637192589
"system";2523;0,0150055505607941
"system";2524;0,0220069246432169
"system";2525;-0,0350973152984912
"system";2526;-0,0287419556760694
"system";2527;-0,00854007925591044
"system";2528;-0,0200302016255103
"system";2529;0,000203230429181522
"system";2530;0,0138733640287549
"system";2531;-0,009744072210219
"system";2532;-0,0390466992702574
"system";2533;0,00809741721892171
"system";2534;-0,0323137558465701
"system";2535;-0,0466989541620195
"system";2536;-0,0509311083937037
"system";2537;-0,0149758329317716
"system";2538;-0,00485447308591525
"system";2539;-0,0199871685460303
"system";2540;-0,00474738285602899
"system";2541;0,069920453154235
"system";2542;0,0212551153515164
"system";2543;0,0660334235148101
"system";2544;-0,0567775572492551
"system";2545;0,0333902410919152
"system";2546;-0,0417815894919685
"system";2547;-0,0179134870595286
"system";2548;-0,0148866415077194
"system";2549;-0,0157326558965134
"system";2550;-0,00686461176476671
"system";2551;-0,00596657169707587
"system";2552;0,0136927186966757
"system";2553;-0,0376562550251381
"system";2554;-0,0622987439311061
"system";2555;-0,0103820090035764
"system";2556;-0,0231343904601859
"system";2557;0,0301400155227877
"system";2558;0,0168132397612646
"system";2559;-0,0121760613860182
"system";2560;0,000386930569713811
"system";2561;0,0342452399183003
"system";2562;0,0326464335942097
"system";2563;0,0352496613752894
"system";2564;-0,00230276419521452
"system";2565;-0,0393885554958209
"system";2566;-0,0330524802051645
"system";2567;0,000385858716008436
"system";2568;0,00635776082097855
"system";2569;0,0208750303107733
"system";2570;0,0324328273049076
"system";2571;0,00331681159859337
"system";2572;0,0398402928155935
"system";2573;-0,014744399724257
"system";2574;0,00593041916887313
"system";2575;-0,0318086496057315
"system";2576;0,00345091679851106
"system";2577;-0,00925486931712732
"system";2578;0,015394363611372
"system";2579;0,0391899849148023
"system";2580;0,00529218461358744
"system";2581;0,00544511874647341
"system";2582;-0,0385874419682676
"system";2583;0,0253637545050542
"system";2584;0,00484369188154626
"system";2585;0,00432971028915952
"system";2586;0,0158414391308709
"system";2587;0,00207303392229147
"system";2588;-0,0323977726785905
"system";2589;0,00420603360533084
"system";2590;0,0108858511825582
"system";2591;0,0401249305171875
"system";2592;0,00423153697264739
"system";2593;0,013933868437541
"system";2594;0,0512673868495309
"system";2595;0,0192556281574632
"system";2596;-0,0234669638817016
"system";2597;-0,0152612307120074
"system";2598;0,0333762785547279
"system";2599;0,0440241847648288
"system";2600;-0,0196072624090708
"system";2601;-0,0185283517831867
"system";2602;0,000554233202915227
"system";2603;0,0125822334664136
"system";2604;0,0143566226520597
"system";2605;0,0227500426967156
"system";2606;0,00056576639378933
"system";2607;0,0518394293327372
"system";2608;0,0449196508829047
"system";2609;0,009256352055307
"system";2610;0,0533624075288445
"system";2611;-0,0396035633433172
"system";2612;0,0441975568904689
"system";2613;0,000997450700160052
"system";2614;-0,00351210201535718
"system";2615;-0,0139645923700502
"system";2616;0,0266466471318813
"system";2617;0,0349978533879572
"system";2618;-0,00134367723799633
"system";2619;-0,00164155047299119
"system";2620;0,00073397757783078
"system";2621;0,0205486960453199
"system";2622;-0,00442306913460938
"system";2623;0,0133320614374171
"system";2624;0,0225772498233899
"system";2625;0,0222668815519803
"system";2626;0,00362426022054019
"system";2627;0,00771355511660551
"system";2628;-0,0114299355957895
"system";2629;0,0221117000024124
"system";2630;0,0301090532678208
"system";2631;-0,010481185222421
"system";2632;0,0119873411030558
"system";2633;-0,010676580819903
"system";2634;-0,0358286666068124
"system";2635;-0,0228819517495683
"system";2636;0,029238842865568
"system";2637;0,00274637902986241
"system";2638;-0,005513810874827
"system";2639;-0,0230695029473363
"system";2640;0,0136383018209433
"system";2641;0,0542389846624709
"system";2642;0,00793763611126036
"system";2643;-0,00389802247710608
"system";2644;-0,0205189970763871
"system";2645;0,000393118744522691
"system";2646;-0,00365060663815175
"system";2647;0,0229683236273173
"system";2648;-0,015664668655808
"system";2649;0,0141085586331748
"system";2650;0,0249273091980967
"system";2651;-0,00995627934427246
"system";2652;-0,00652237976113385
"system";2653;-0,031333596822903
"system";2654;-0,0564210116178958
"system";2655;-0,0090086448641673
"system";2656;-0,0151028932253819
"system";2657;-0,0161732817955277
"system";2658;0,00600292506900718
"system";2659;0,0425951240292914
"system";2660;0,0359957869345587
"system";2661;-0,018688807612892
"system";2662;-0,0225443944410569
"system";2663;-0,00166189099616254
"system";2664;0,00337904367062061
"system";2665;0,0230043170833173
"system";2666;0,0354074111212118
"system";2667;-0,00747135343416905
"system";2668;-0,0311594423421356
"system";2669;0,0394156140121694
"system";2670;0,0253871370321677
"system";2671;0,0181773594004168
"system";2672;-0,00172593557740619
"system";2673;0,0168218586986505
"system";2674;0,032967412848741
"system";2675;0,0135885583689526
"system";2676;0,0349467849113907
"system";2677;0,0444843616853552
"system";2678;0,0378579851240503
"system";2679;0,0411150574173862
"system";2680;-0,0133609033916697
"system";2681;0,0587139631891924
"system";2682;-0,0184904402314348
"system";2683;0,0454002117590211
"system";2684;-0,00118042736135138
"system";2685;0,0129664916179607
"system";2686;0,0196850748099213
"system";2687;0,00186725888674544
"system";2688;0,0257722868359047
"system";2689;-0,0080931068184556
"system";2690;0,025712611871608
"system";2691;0,0530898697226062
"system";2692;0,00320047302279153
"system";2693;3,04474620311801e-05
"system";2694;-0,0290037203174187
"system";2695;0,0236973083765074
"system";2696;0,0100526280815472
"system";2697;-0,00329425439373421
"system";2698;-0,0120128076084785
"system";2699;0,0463677231422485
"system";2700;-0,0117426359126689
"system";2701;0,00095992845774634
"system";2702;0,0150882134680359
"system";2703;-0,0100807151134521
"system";2704;0,000519804726459294
"system";2705;0,0177153562208352
"system";2706;0,0247034132195368
"system";2707;-0,000875081299887837
"system";2708;0,0367586113235362
"system";2709;0,00921752541403098
"system";2710;0,0389142030692083
"system";2711;-0,0115114516213976
"system";2712;0,0321143892261801
"system";2713;-0,00547462850432628
"system";2714;0,0115706491276847
"system";2715;-0,0110340379699168
"system";2716;0,0184052990860102
"system";2717;-0,00880926554184641
"system";2718;0,0115798306080809
"system";2719;0,0267799020983119
"system";2720;0,00168507366768572
